<?xml version="1.0" encoding="utf-8"?><feed xmlns="http://www.w3.org/2005/Atom" ><generator uri="https://jekyllrb.com/" version="3.9.0">Jekyll</generator><link href="http://localhost:4000/osu_cse3521_spring2022/feed.xml" rel="self" type="application/atom+xml" /><link href="http://localhost:4000/osu_cse3521_spring2022/" rel="alternate" type="text/html" /><updated>2022-04-12T22:28:19-04:00</updated><id>http://localhost:4000/osu_cse3521_spring2022/feed.xml</id><title type="html">CSE 3521</title><subtitle>Introduction to Artificial Intelligence</subtitle></feed>